{"cameraMode":{"drawMode":0,"name":"Shaded","section":"Shading Mode"},"sceneLighting":true,"audioPlay":false,"sceneViewState":{"showFog":true,"showMaterialUpdate":false,"showSkybox":true,"showFlares":true,"showImageEffects":true,"showParticleSystems":true},"in2DMode":false,"pivot":{"x":0.738734245300293,"y":-0.6767633557319641,"z":2.2986879348754885},"rotation":{"x":-0.2857082784175873,"y":-0.2839024066925049,"z":0.08899397403001785,"w":-0.9109781980514526},"size":5.099019527435303,"orthographic":false}