{"cameraMode":{"drawMode":0,"name":"Shaded","section":"Shading Mode"},"sceneLighting":true,"audioPlay":false,"sceneViewState":{"showFog":true,"showMaterialUpdate":true,"showSkybox":true,"showFlares":true,"showImageEffects":true,"showParticleSystems":true},"in2DMode":false,"pivot":{"x":-20.665292739868165,"y":-16.34035301208496,"z":31.430076599121095},"rotation":{"x":0.21034833788871766,"y":-0.29245901107788088,"z":0.0661466047167778,"w":0.9306013584136963},"size":25.83002281188965,"orthographic":false}